name,keywords,negative_keywords
Huawei Watch GT 2 Pro (Porsche Design),"Huawei Watch GT 2 Pro (Porsche Design) rem, Huawei Watch GT 2 Pro (Porsche Design) remme, Huawei Watch GT 2 Pro (Porsche Design) urrem, Huawei Watch GT 2 Pro (Porsche Design) urremme, Huawei Watch GT 2 Pro (Porsche Design) tilbehør, Huawei Watch GT 2 Pro (Porsche Design) armbånd, Huawei Watch GT 2 Pro (Porsche Design) sportsrem, Huawei Watch GT 2 Pro (Porsche Design) sportsremme, rem til Huawei Watch GT 2 Pro (Porsche Design), remme til Huawei Watch GT 2 Pro (Porsche Design), Urrem til Huawei Watch GT 2 Pro (Porsche Design), urremme til Huawei Watch GT 2 Pro (Porsche Design), tilbehør til Huawei Watch GT 2 Pro (Porsche Design), armbånd til Huawei Watch GT 2 Pro (Porsche Design), sportsrem til Huawei Watch GT 2 Pro (Porsche Design), sportsremme til Huawei Watch GT 2 Pro (Porsche Design)",[Huawei Watch GT 2 Pro (Porsche Design)]
Amazfit GTR 2 eSIM,"Amazfit GTR 2 eSIM rem, Amazfit GTR 2 eSIM remme, Amazfit GTR 2 eSIM urrem, Amazfit GTR 2 eSIM urremme, Amazfit GTR 2 eSIM tilbehør, Amazfit GTR 2 eSIM armbånd, Amazfit GTR 2 eSIM sportsrem, Amazfit GTR 2 eSIM sportsremme, rem til Amazfit GTR 2 eSIM, remme til Amazfit GTR 2 eSIM, Urrem til Amazfit GTR 2 eSIM, urremme til Amazfit GTR 2 eSIM, tilbehør til Amazfit GTR 2 eSIM, armbånd til Amazfit GTR 2 eSIM, sportsrem til Amazfit GTR 2 eSIM, sportsremme til Amazfit GTR 2 eSIM",[Amazfit GTR 2 eSIM]
Huawei Watch D,"Huawei Watch D rem, Huawei Watch D remme, Huawei Watch D urrem, Huawei Watch D urremme, Huawei Watch D tilbehør, Huawei Watch D armbånd, Huawei Watch D sportsrem, Huawei Watch D sportsremme, rem til Huawei Watch D, remme til Huawei Watch D, Urrem til Huawei Watch D, urremme til Huawei Watch D, tilbehør til Huawei Watch D, armbånd til Huawei Watch D, sportsrem til Huawei Watch D, sportsremme til Huawei Watch D",[Huawei Watch D]
Vivo,"Vivo rem, Vivo remme, Vivo urrem, Vivo urremme, Vivo tilbehør, Vivo armbånd, Vivo sportsrem, Vivo sportsremme, rem til Vivo, remme til Vivo, Urrem til Vivo, urremme til Vivo, tilbehør til Vivo, armbånd til Vivo, sportsrem til Vivo, sportsremme til Vivo",[Vivo]
Haylou Solar LS02,"Haylou Solar LS02 rem, Haylou Solar LS02 remme, Haylou Solar LS02 urrem, Haylou Solar LS02 urremme, Haylou Solar LS02 tilbehør, Haylou Solar LS02 armbånd, Haylou Solar LS02 sportsrem, Haylou Solar LS02 sportsremme, rem til Haylou Solar LS02, remme til Haylou Solar LS02, Urrem til Haylou Solar LS02, urremme til Haylou Solar LS02, tilbehør til Haylou Solar LS02, armbånd til Haylou Solar LS02, sportsrem til Haylou Solar LS02, sportsremme til Haylou Solar LS02",[Haylou Solar LS02]
Huawei Watch Fit 2,"Huawei Watch Fit 2 rem, Huawei Watch Fit 2 remme, Huawei Watch Fit 2 urrem, Huawei Watch Fit 2 urremme, Huawei Watch Fit 2 tilbehør, Huawei Watch Fit 2 armbånd, Huawei Watch Fit 2 sportsrem, Huawei Watch Fit 2 sportsremme, rem til Huawei Watch Fit 2, remme til Huawei Watch Fit 2, Urrem til Huawei Watch Fit 2, urremme til Huawei Watch Fit 2, tilbehør til Huawei Watch Fit 2, armbånd til Huawei Watch Fit 2, sportsrem til Huawei Watch Fit 2, sportsremme til Huawei Watch Fit 2",[Huawei Watch Fit 2]
Apple Watch Series 8 (45mm),"Apple Watch Series 8 (45mm) rem, Apple Watch Series 8 (45mm) remme, Apple Watch Series 8 (45mm) urrem, Apple Watch Series 8 (45mm) urremme, Apple Watch Series 8 (45mm) tilbehør, Apple Watch Series 8 (45mm) armbånd, Apple Watch Series 8 (45mm) sportsrem, Apple Watch Series 8 (45mm) sportsremme, rem til Apple Watch Series 8 (45mm), remme til Apple Watch Series 8 (45mm), Urrem til Apple Watch Series 8 (45mm), urremme til Apple Watch Series 8 (45mm), tilbehør til Apple Watch Series 8 (45mm), armbånd til Apple Watch Series 8 (45mm), sportsrem til Apple Watch Series 8 (45mm), sportsremme til Apple Watch Series 8 (45mm)",[Apple Watch Series 8 (45mm)]
Apple Watch Series 8 (41mm),"Apple Watch Series 8 (41mm) rem, Apple Watch Series 8 (41mm) remme, Apple Watch Series 8 (41mm) urrem, Apple Watch Series 8 (41mm) urremme, Apple Watch Series 8 (41mm) tilbehør, Apple Watch Series 8 (41mm) armbånd, Apple Watch Series 8 (41mm) sportsrem, Apple Watch Series 8 (41mm) sportsremme, rem til Apple Watch Series 8 (41mm), remme til Apple Watch Series 8 (41mm), Urrem til Apple Watch Series 8 (41mm), urremme til Apple Watch Series 8 (41mm), tilbehør til Apple Watch Series 8 (41mm), armbånd til Apple Watch Series 8 (41mm), sportsrem til Apple Watch Series 8 (41mm), sportsremme til Apple Watch Series 8 (41mm)",[Apple Watch Series 8 (41mm)]
Xiaomi Mi Band 7 Pro,"Xiaomi Mi Band 7 Pro rem, Xiaomi Mi Band 7 Pro remme, Xiaomi Mi Band 7 Pro urrem, Xiaomi Mi Band 7 Pro urremme, Xiaomi Mi Band 7 Pro tilbehør, Xiaomi Mi Band 7 Pro armbånd, Xiaomi Mi Band 7 Pro sportsrem, Xiaomi Mi Band 7 Pro sportsremme, rem til Xiaomi Mi Band 7 Pro, remme til Xiaomi Mi Band 7 Pro, Urrem til Xiaomi Mi Band 7 Pro, urremme til Xiaomi Mi Band 7 Pro, tilbehør til Xiaomi Mi Band 7 Pro, armbånd til Xiaomi Mi Band 7 Pro, sportsrem til Xiaomi Mi Band 7 Pro, sportsremme til Xiaomi Mi Band 7 Pro",[Xiaomi Mi Band 7 Pro]
