device;keyword;volume
Amazfit;Amazfit Rem;10
Apple Watch;Apple Watch Rem;4000
Apple Watch;Apple Watch Rem;4000
Apple Watch;Apple Watch Remme;500
Apple Watch;Apple Watch Remme;500
Apple Watch;Apple Watch Sportsrem;100
Apple Watch;Apple Watch Tilbehør;300
Apple Watch;Apple Watch Tilbehør;300
Apple Watch;Apple Watch Urrem;500
Apple Watch;Apple Watch Urrem;500
Apple Watch;Apple Watch Urremme;40
Apple Watch;Rem Til Apple Watch;2100
Apple Watch;Rem Til Apple Watch 40mm;80
Apple Watch;Remme Til Apple Watch;350
Apple Watch;Remme Til Apple Watch;350
Apple Watch;Sportsrem Til Apple Watch;70
Apple Watch;Tilbehør Til Apple Watch;40
Apple Watch;Urrem Til Apple Watch;600
Apple Watch;Urrem Til Apple Watch;600
Apple Watch;Urremme Til Apple Watch;600
Apple Watch;Urremme Til Apple Watch;600
Apple Watch 40mm;Urrem Til Apple Watch 40mm;10
Apple Watch 41mm;Rem Til Apple Watch 41mm;20
Apple Watch 44mm;Apple Watch 40mm Rem;70
Apple Watch 44mm;Apple Watch 44mm Rem;70
Apple Watch 44mm;Rem Til Apple Watch 44mm;50
Apple Watch 44mm;Urrem Til Apple Watch 44mm;10
Apple Watch 45mm;Apple Watch 45mm Rem;10
Apple Watch Se 40mm;Apple Watch Se 40mm Rem;70
Apple Watch Se 40mm;Rem Til Apple Watch Se 40mm;20
Apple Watch Se 44mm;Apple Watch Se 44mm Rem;30
Apple Watch Se 44mm;Rem Til Apple Watch Se 44mm;10
Apple Watch Series 5;Apple Watch Series 5 Rem;10
Apple Watch Series 6;Apple Watch Series 6 Rem;50
Apple Watch Series 6;Rem Til Apple Watch Series 6;30
Apple Watch Series 7;Apple Watch Series 7 Rem;50
Apple Watch Series 7 45mm;Apple Watch Series 7 45mm Rem;10
Casio;Casio Rem;10
Casio;Casio Urrem;30
Casio;Casio Urremme;30
Fitbit;Fitbit Rem;150
Fitbit;Fitbit Remme;20
Fitbit;Fitbit Tilbehør;10
Fitbit;Fitbit Urrem;100
Fitbit;Rem Til Fitbit;30
Fitbit;Urrem Til Fitbit;10
Fitbit Ace 2;Fitbit Ace 2 Rem;40
Fitbit Alta;Fitbit Alta Rem;20
Fitbit Alta Hr;Fitbit Alta Hr Rem;50
Fitbit Charge;Fitbit Charge Rem;10
Fitbit Charge 2;Fitbit Charge 2 Rem;150
Fitbit Charge 2;Fitbit Charge 2 Urrem;10
Fitbit Charge 2;Rem Til Fitbit Charge 2;30
Fitbit Charge 3;Fitbit Charge 3 Rem;200
Fitbit Charge 3;Fitbit Charge 3 Remme;40
Fitbit Charge 3;Fitbit Charge 3 Urrem;10
Fitbit Charge 3;Rem Til Fitbit Charge 3;70
Fitbit Charge 3;Urrem Til Fitbit Charge 3;30
Fitbit Charge 4;Fitbit Charge 4 Rem;250
Fitbit Charge 4;Fitbit Charge 4 Tilbehør;20
Fitbit Charge 4;Fitbit Charge 4 Urrem;10
Fitbit Charge 4;Rem Til Fitbit Charge 4;40
Fitbit Charge 5;Fitbit Charge 5 Rem;60
Fitbit Charge 5;Fitbit Charge 5 Tilbehør;10
Fitbit Inspire;Fitbit Inspire Rem;20
Fitbit Inspire 2;Fitbit Inspire 2 Rem;30
Fitbit Ionic;Fitbit Ionic Rem;30
Fitbit Luxe;Fitbit Luxe Rem;10
Fitbit Sense;Fitbit Sense Rem;40
Fitbit Versa;Fitbit Versa Rem;90
Fitbit Versa;Fitbit Versa Tilbehør;10
Fitbit Versa;Fitbit Versa Urrem;20
Fitbit Versa;Rem Til Fitbit Versa;20
Fitbit Versa 2;Fitbit Versa 2 Rem;150
Fitbit Versa 2;Fitbit Versa 2 Urrem;20
Fitbit Versa 2;Rem Til Fitbit Versa 2;40
Fitbit Versa 3;Fitbit Versa 3 Rem;80
Fitbit Versa 3;Rem Til Fitbit Versa 3;10
Fossil;Fossil Rem;20
Fossil;Fossil Urrem;60
Garmin;Garmin Rem;400
Garmin;Garmin Remme;60
Garmin;Garmin Tilbehør;150
Garmin;Garmin Urrem;800
Garmin;Garmin Urremme;90
Garmin;Rem Til Garmin;30
Garmin;Tilbehør Til Garmin;20
Garmin;Urrem Til Garmin;250
Garmin;Urremme Til Garmin;250
Garmin Approach S2;Garmin Approach S2 Rem;10
Garmin Approach S20;Garmin Approach S20 Rem;20
Garmin Approach S20;Rem Til Garmin Approach S20;10
Garmin Edge 1000;Garmin Edge 1000 Tilbehør;30
Garmin Edge 1030;Garmin Edge 1030 Tilbehør;10
Garmin Enduro;Garmin Enduro Rem;10
Garmin Fenix;Garmin Fenix Rem;40
Garmin Fenix;Garmin Fenix Urrem;20
Garmin Fenix 3;Garmin Fenix 3 Rem;150
Garmin Fenix 3;Garmin Fenix 3 Tilbehør;30
Garmin Fenix 3;Garmin Fenix 3 Urrem;50
Garmin Fenix 3;Rem Til Garmin Fenix 3;40
Garmin Fenix 3;Urrem Til Garmin Fenix 3;30
Garmin Fenix 5;Garmin Fenix 5 Plus Rem;60
Garmin Fenix 5;Garmin Fenix 5 Plus Tilbehør;10
Garmin Fenix 5;Garmin Fenix 5 Plus Urrem;10
Garmin Fenix 5;Garmin Fenix 5 Rem;200
Garmin Fenix 5;Garmin Fenix 5 Tilbehør;10
Garmin Fenix 5;Garmin Fenix 5 Urrem;70
Garmin Fenix 5;Rem Til Garmin Fenix 5;60
Garmin Fenix 5;Urrem Til Garmin Fenix 5;10
Garmin Fenix 5 Plus;Rem Til Garmin Fenix 5 Plus;10
Garmin Fenix 5s;Garmin Fenix 5s Plus Rem;30
Garmin Fenix 5s;Garmin Fenix 5s Rem;60
Garmin Fenix 5s;Garmin Fenix 5s Urrem;20
Garmin Fenix 5s;Rem Til Garmin Fenix 5s;10
Garmin Fenix 5s;Urrem Til Garmin Fenix 5s;20
Garmin Fenix 5s Plus;Rem Til Garmin Fenix 5s Plus;10
Garmin Fenix 5x;Garmin Fenix 5x Plus Rem;30
Garmin Fenix 5x;Garmin Fenix 5x Rem;60
Garmin Fenix 5x;Garmin Fenix 5x Urrem;10
Garmin Fenix 5x;Rem Til Garmin Fenix 5x;20
Garmin Fenix 5x Plus;Rem Til Garmin Fenix 5x Plus;20
Garmin Fenix 6;Garmin Fenix 6 Rem;100
Garmin Fenix 6;Garmin Fenix 6 Remme;10
Garmin Fenix 6;Garmin Fenix 6 Tilbehør;20
Garmin Fenix 6;Garmin Fenix 6 Urrem;40
Garmin Fenix 6;Rem Til Garmin Fenix 6;20
Garmin Fenix 6;Urrem Til Garmin Fenix 6;10
Garmin Fenix 6 Pro;Garmin Fenix 6 Pro Rem;10
Garmin Fenix 6 Pro;Garmin Fenix 6 Pro Solar Rem;10
Garmin Fenix 6s;Garmin Fenix 6s Rem;30
Garmin Fenix 6s;Rem Til Garmin Fenix 6s;10
Garmin Fenix 6s Pro;Garmin Fenix 6s Pro Rem;10
Garmin Fenix 6x;Garmin Fenix 6x Rem;50
Garmin Fenix 6x Pro;Garmin Fenix 6x Pro Rem;20
Garmin Fenix 6x Pro;Garmin Fenix 6x Pro Solar Rem;10
Garmin Fenix 7;Garmin Fenix 7 Rem;30
Garmin Forerunner  ;Garmin Forerunner Rem;40
Garmin Forerunner  ;Garmin Forerunner Urrem;10
Garmin Forerunner 210 ;Garmin Forerunner 210 Rem;10
Garmin Forerunner 220 ;Garmin Forerunner 220 Rem;10
Garmin Forerunner 235;Rem Til Garmin Forerunner 235;40
Garmin Forerunner 235;Urrem Til Garmin Forerunner 235;30
Garmin Forerunner 235 ;Garmin Forerunner 235 Rem;150
Garmin Forerunner 235 ;Garmin Forerunner 235 Tilbehør;10
Garmin Forerunner 235 ;Garmin Forerunner 235 Urrem;20
Garmin Forerunner 245;Rem Til Garmin Forerunner 245;20
Garmin Forerunner 245 ;Garmin Forerunner 245 Rem;50
Garmin Forerunner 245 Music;Garmin Forerunner 245 Music Rem;20
Garmin Forerunner 30;Rem Til Garmin Forerunner 30;30
Garmin Forerunner 30 ;Garmin Forerunner 30 Rem;70
Garmin Forerunner 35;Rem Til Garmin Forerunner 35;40
Garmin Forerunner 35;Urrem Til Garmin Forerunner 35;20
Garmin Forerunner 35 ;Garmin Forerunner 35 Rem;150
Garmin Forerunner 35 ;Garmin Forerunner 35 Urrem;30
Garmin Forerunner 45 ;Garmin Forerunner 45 Rem;40
Garmin Forerunner 45s ;Garmin Forerunner 45s Rem;20
Garmin Forerunner 645 ;Garmin Forerunner 645 Rem;30
Garmin Forerunner 645 Music;Garmin Forerunner 645 Music Rem;20
Garmin Forerunner 645 Music;Rem Til Garmin Forerunner 645 Music;10
Garmin Forerunner 735xt;Rem Til Garmin Forerunner 735xt;20
Garmin Forerunner 735xt;Urrem Til Garmin Forerunner 735xt;10
Garmin Forerunner 735xt ;Garmin Forerunner 735xt Rem;90
Garmin Forerunner 735xt ;Garmin Forerunner 735xt Tilbehør;10
Garmin Forerunner 735xt ;Garmin Forerunner 735xt Urrem;10
Garmin Forerunner 935 ;Garmin Forerunner 935 Rem;10
Garmin Forerunner 945 ;Garmin Forerunner 945 Rem;10
Garmin Instinct;Rem Til Garmin Instinct;10
Garmin Instinct;Urrem Til Garmin Instinct;10
Garmin Instinct  ;Garmin Instinct Rem;60
Garmin Instinct  ;Garmin Instinct Urrem;20
Garmin Instinct Solar ;Garmin Instinct Solar Rem;10
Garmin Lily;Rem Til Garmin Lily;10
Garmin Lily  ;Garmin Lily Rem;50
Garmin Quatix 5 ;Garmin Quatix 5 Rem;10
Garmin Venu;Garmin Venu Rem;150
Garmin Venu;Garmin Venu Remme;10
Garmin Venu;Garmin Venu Tilbehør;10
Garmin Venu;Garmin Venu Urrem;50
Garmin Venu;Rem Til Garmin Venu;40
Garmin Venu;Urrem Til Garmin Venu;20
Garmin Venu 2 ;Garmin Venu 2 Rem;10
Garmin Venu 2 Plus;Garmin Venu 2 Plus Rem;20
Garmin Venu 2s;Rem Til Garmin Venu 2s;10
Garmin Venu 2s ;Garmin Venu 2s Rem;30
Garmin Venu Sq;Rem Til Garmin Venu Sq;20
Garmin Venu Sq;Urrem Til Garmin Venu Sq;10
Garmin Venu Sq ;Garmin Venu Sq Rem;50
Garmin Venu Sq ;Garmin Venu Sq Tilbehør;10
Garmin Vivoactive;Urrem Til Garmin Vivoactive;10
Garmin Vivoactive  ;Garmin Vivoactive Rem;70
Garmin Vivoactive  ;Garmin Vivoactive Tilbehør;20
Garmin Vivoactive  ;Garmin Vivoactive Urrem;20
Garmin Vivoactive 3;Rem Til Garmin Vivoactive 3;200
Garmin Vivoactive 3;Urrem Til Garmin Vivoactive 3;150
Garmin Vivoactive 3 ;Garmin Vivoactive 3 Rem;400
Garmin Vivoactive 3 ;Garmin Vivoactive 3 Tilbehør;70
Garmin Vivoactive 3 ;Garmin Vivoactive 3 Urrem;80
Garmin Vivoactive 3 Music;Garmin Vivoactive 3 Music Rem;50
Garmin Vivoactive 3 Music;Rem Til Garmin Vivoactive 3 Music;10
Garmin Vivoactive 4;Rem Til Garmin Vivoactive 4;10
Garmin Vivoactive 4;Urrem Til Garmin Vivoactive 4;10
Garmin Vivoactive 4 ;Garmin Vivoactive 4 Rem;90
Garmin Vivoactive 4 ;Garmin Vivoactive 4 Tilbehør;10
Garmin Vivoactive 4s;Rem Til Garmin Vivoactive 4s;70
Garmin Vivoactive 4s;Remme Til Garmin Vivoactive 4s;10
Garmin Vivoactive 4s;Urrem Til Garmin Vivoactive 4s;70
Garmin Vivoactive 4s ;Garmin Vivoactive 4s Rem;300
Garmin Vivoactive 4s ;Garmin Vivoactive 4s Remme;10
Garmin Vivoactive 4s ;Garmin Vivoactive 4s Tilbehør;20
Garmin Vivoactive 4s ;Garmin Vivoactive 4s Urrem;30
Garmin Vivoactive Hr ;Garmin Vivoactive Hr Rem;30
Garmin Vivofit;Rem Til Garmin Vivofit;10
Garmin Vivofit  ;Garmin Vivofit Rem;70
Garmin Vivofit  ;Garmin Vivofit Tilbehør;20
Garmin Vivofit  ;Garmin Vivofit Urrem;30
Garmin Vivofit 1;Rem Til Garmin Vivofit 1;20
Garmin Vivofit 1 ;Garmin Vivofit 1 Rem;20
Garmin Vivofit 2;Rem Til Garmin Vivofit 2;20
Garmin Vivofit 2 ;Garmin Vivofit 2 Rem;50
Garmin Vivofit 3;Garmin Vivofit 3 Rem;100
Garmin Vivofit 3;Garmin Vivofit 3 Urrem;20
Garmin Vivofit 3;Rem Til Garmin Vivofit 3;60
Garmin Vivofit 3;Urrem Til Garmin Vivofit 3;70
Garmin Vivofit 3 ;Garmin Vivofit 3 Remme;10
Garmin Vivofit 4;Garmin Vivofit 4 Rem;250
Garmin Vivofit 4;Rem Til Garmin Vivofit 4;100
Garmin Vivofit 4;Urrem Til Garmin Vivofit 4;60
Garmin Vivofit 4 ;Garmin Vivofit 4 Remme;10
Garmin Vivofit 4 ;Garmin Vivofit 4 Tilbehør;10
Garmin Vivofit 4 ;Garmin Vivofit 4 Urrem;20
Garmin Vivofit Jr;Rem Til Garmin Vivofit Jr;80
Garmin Vivofit Jr;Urrem Til Garmin Vivofit Jr;60
Garmin Vivofit Jr ;Garmin Vivofit Jr Rem;200
Garmin Vivofit Jr ;Garmin Vivofit Jr Urrem;50
Garmin Vivofit Jr 2;Garmin Vivofit Jr 2 Rem;250
Garmin Vivofit Jr 2;Garmin Vivofit Jr 2 Urrem;10
Garmin Vivofit Jr 2;Rem Til Garmin Vivofit Jr 2;30
Garmin Vivofit Jr 2;Urrem Til Garmin Vivofit Jr 2;10
Garmin Vivofit Jr 3;Garmin Vivofit Jr 3 Rem;30
Garmin Vivofit Jr 3;Rem Til Garmin Vivofit Jr 3;20
Garmin Vivomove  ;Garmin Vivomove Rem;60
Garmin Vivomove  ;Garmin Vivomove Urrem;10
Garmin Vivomove 3s;Rem Til Garmin Vivomove 3s;10
Garmin Vivomove 3s ;Garmin Vivomove 3s Rem;40
Garmin Vivomove Hr;Rem Til Garmin Vivomove Hr;100
Garmin Vivomove Hr;Urrem Til Garmin Vivomove Hr;40
Garmin Vivomove Hr ;Garmin Vivomove Hr Rem;150
Garmin Vivomove Hr ;Garmin Vivomove Hr Urrem;10
Garmin Vivomove Luxe ;Garmin Vivomove Luxe Rem;10
Garmin Vivomove Style;Rem Til Garmin Vivomove Style;30
Garmin Vivomove Style ;Garmin Vivomove Style Rem;80
Garmin Vivomove Style ;Garmin Vivomove Style Remme;10
Garmin Vivosmart  ;Garmin Vivosmart Rem;20
Garmin Vivosmart 3 ;Garmin Vivosmart 3 Rem;40
Garmin Vivosmart 4 ;Garmin Vivosmart 4 Rem;50
Garmin Vivosmart Hr;Rem Til Garmin Vivosmart Hr;50
Garmin Vivosmart Hr;Urrem Til Garmin Vivosmart Hr;10
Garmin Vivosmart Hr ;Garmin Vivosmart Hr Rem;90
Garmin Vivosmart Hr ;Garmin Vivosmart Hr Urrem;20
Garmin Vivosport;Rem Til Garmin Vivosport;10
Garmin Vivosport  ;Garmin Vivosport Rem;80
Huawei;Huawei Rem;10
Huawei;Huawei Tilbehør;100
Huawei;Huawei Urrem;30
Huawei;Tilbehør Til Huawei;30
Michael Kors;Michael Kors Urrem;10
Oneplus;Oneplus Tilbehør;50
Oneplus;Oneplus Watch Rem;20
Polar;Polar Rem;10
Polar;Polar Urrem;20
Samsung;Samsung Rem;450
Samsung;Samsung Tilbehør;100
Samsung;Samsung Urrem;60
Samsung;Tilbehør Til Samsung;40
Samsung Galaxy Fit;Samsung Galaxy Fit Rem;20
Samsung Galaxy Watch Active;Rem Til Samsung Galaxy Watch Active;40
Samsung Galaxy Watch Active;Samsung Galaxy Watch Active Rem;30
Samsung Galaxy Watch Active;Samsung Galaxy Watch Active Urrem;10
Samsung Gear 2;Samsung Gear 2 Rem;20
Samsung Gear S2;Samsung Gear S2 Classic Rem;20
Samsung Gear S2;Samsung Gear S2 Rem;20
Samsung Gear S2;Samsung Gear S2 Tilbehør;10
Samsung Gear S2;Samsung Gear S2 Urrem;40
Samsung Gear S3;Rem Til Samsung Gear S3;10
Samsung Gear S3;Samsung Gear S3 Frontier Rem;70
Samsung Gear S3;Samsung Gear S3 Rem;70
Samsung Gear S3;Samsung Gear S3 Urrem;10
Samsung Gear S3;Urrem Til Samsung Gear S3;30
Samsung Gear Sport;Samsung Gear Sport Rem;30
Seiko;Seiko Rem;20
Seiko;Seiko Urrem;60
Seiko;Seiko Urremme;10
Skagen;Skagen Rem;20
Skagen;Skagen Urrem;50
Skagen;Skagen Urremme;40
Suunto;Suunto Rem;30
Suunto;Suunto Urrem;20
Suunto 9;Suunto 9 Rem;20
Suunto Ambit;Suunto Ambit Rem;20
Suunto Ambit2;Rem Til Suunto Ambit2;20
Suunto Ambit2;Suunto Ambit2 Rem;10
Suunto Ambit3;Suunto Ambit3 Rem;20
Suunto Core;Suunto Core Rem;20
Suunto Core All Black;Suunto Core All Black Rem;40
Tomtom;Tomtom Runner Rem;20
Tomtom;Tomtom Spark Cardio Rem;10
Tomtom;Tomtom Spark Rem;40
Tomtom;Tomtom Tilbehør;30
Tomtom;Tomtom Touch Rem;40
Tomtom;Tomtom Urrem;60
Tomtom Runner;Tomtom Runner Rem;20
Tomtom Spark;Tomtom Spark Rem;40
Tomtom Spark Cardio;Tomtom Spark Cardio Rem;10
Tomtom Touch;Tomtom Touch Rem;40
Withings;Withings Rem;10
Withings;Withings Urrem;10
Xiaomi;Xiaomi Tilbehør;40
Xiaomi Mi Band 5;Xiaomi Mi Band 5 Rem;20
Huawei;Huawei Tilbehør;100
Huawei Watch Gt;Huawei Watch Gt Rem;100
Universal;22mm Urrem;100
Universal;20mm Urrem;70
Huawei Watch Gt;Rem Til Huawei Watch Gt;60
Seiko;Seiko Urrem;60
Skagen;Skagen Urrem;50
Huawei Watch Fit;Huawei Watch Fit Rem;50
Oneplus;Oneplus Tilbehør;50
Huawei Watch Gt;Urrem Til Huawei Watch Gt;40
Skagen;Skagen Urremme;40
Huawei Band 4 Pro;Huawei Band 4 Pro Rem;30
Huawei;Tilbehør Til Huawei;30
Huawei Band 6;Huawei Band 6 Rem;30
Huawei Watch Gt 2 46mm;Huawei Watch Gt 2 46mm Rem;30
Huawei;Huawei Urrem;30
Huawei Watch;Huawei Watch Rem;30
Skagen;Skagen Rem;20
Oneplus;Oneplus Watch Rem;20
Polar;Polar Urrem;20
Polar A370;Polar A370 Rem;20
Polar Ignite;Polar Ignite Rem;20
Seiko;Seiko Rem;20
Polar Vantage M;Polar Vantage M Rem;20
Huawei Watch Gt 2 42mm;Rem Til Huawei Watch Gt 2 42mm;10
Polar M200;Polar M200 Rem;10
Huawei Watch Gt 2 Pro;Huawei Watch Gt 2 Pro Tilbehør;10
Huawei Watch Gt;Huawei Watch Gt Tilbehør;10
Polar M43;Polar M430 Rem;10
Polar Vantage V;Polar Vantage V Rem;10
Polar A360;Polar A360 Rem;10
Huawei;Huawei Rem;10
Polar Ignite 2;Polar Ignite 2 Rem;10
Seiko;Seiko Urremme;10
Polar;Polar Rem;10
Huawei Watch Gt;Huawei Watch Gt Urrem;10
Michael Kors;Michael Kors Urrem;10
Huawei Watch Gt 2 Pro;Huawei Watch Gt 2 Pro Rem;10
