"material_text";"material_text_dk"
"Genuine Leather";"En rem i ægte læder til dit smartwatch, der både er praktisk og holdbar. Lavet i ergonomisk design, så remmen er meget komfortabel at have på. En god erstatningsrem til din gamle urrem, eller som din nye primære rem."
"Genuine Leather";"Elegant og blød urrem i ægte læder, der passer til perfekt til dit smartwatch. Remmen er behagelig at have på, fordi det er lavet af et godt materiale, der også er holdbart."
"Genuine Leather";"Klassisk urrem i ægte læder. God, praktisk og holdbar. Passer godt til dit ur og håndled."
"Genuine Leather";"Flot rem i ægte læder, der passer til dit smartwatch. En godt valg, hvis du gerne vil have forskellige urremme at vælge imellem."
"Genuine Leather";"Lækker [DEVICE] urrem i ægte læder. Passer lige til dit smartwatch."
"Genuine Leather";"Ægte læder [DEVICE] rem."
"Metal";"Urremmen er lavet af et hårdt materiale. Er ideelt som en erstatningsrem, hvis din gamle rem trænger til at blive udskiftet."
"Metal";"Remmen er lavet af et metal materiale, der er holdbar og god at have på i hverdagen."
"Metal";"Høj komfort og holdbarhed. En remmen er lavet af et metal materiale, der også er behageligt at have på hånden."
"Metal";"Metal rem til [DEVICE]"
"Metal";"[DEVICE] metal urrem."
"Plastic";"Lavet af et hårdt plastik materiale. Urremmen er nem at tage på og af igen."
"Plastic";"En rar plastik rem at have på. En perfekt løsning, hvis du er på udkig efter at udskifte din gamle smartwatch urrem."
"Plastic";"Holdbar plastik urrem, der passer til de fleste livsstile."
"Plastic";"Plastik urrem til [DEVICE]"
"Silicone / TPU";"Lavet af højkvalitets silikone materiale. TPU er blødt, fleksibelt og vejer lidt. Behagelig urrem at have på din hånd. Perfekt erstatningsrem."
"Silicone / TPU";"Blødt silikone urrem modstandsdygtig over for slid. Et perfekt valg til dig, der leder efter en ny rem til dit ur. Brug remmen til sport, fest eller hverdag."
"Silicone / TPU";"En urrem til dit smartwatch, der er lavet i fleksibelt og blødt materiale. Remmen er rar at have på hånden og den passer til alle lejligheder såsom fester, møder, festivaler, løbeturen også når du bare ligger på sofaen."
"Silicone / TPU";"Blød urrem, der er holdbar overfor almindelig slidtage. En rem som du kun kan blive glad for. Passer til alle begivenheder som løb, møder, rejse og en helt almindelig dagligdag."
"Silicone / TPU";"Rar [DEVICE] urrem, der er blødt omkring dit håndled."
"Silicone / TPU";"Silikone [DEVICE] rem."
"Silicone / TPU";"En helt enkelt silikone [DEVICE] urrem."
"Silicone / TPU";"En behagelig sportsurrem til [DEVICE]. Lavet i blødt silikone materiale."
"Silicone / TPU";"Silikone urrem der passer til [DEVICE]. Remmen har høj holdbarhed."
"Silicone / TPU";"Silikone [DEVICE] urrem, der passer godt til den aktive livsstil. Remmen er vand og svedafvisende."
"PU Leather";"Lavet af holdbart PU læder materiale."
"PU Leather";"Behagelig rem at have på. Lavet af et blødt PU læder materiale."
"PU Leather";"[DEVICE] urrem i PU læder."
"Rhinestone";"Unikt og skinnende rhinstensdesign, moderigtigt og elegant. Passer godt til når du gerne vil skille dig lidt ud fra mængden."
"Rhinestone";"Stilfuldt og unik rem med rhinstensdesign. En god erstatningsurrem, der passer til din ellers unikke stil."
"Textile / Nylon";"Lavet af modstandsdygtigt nylon, urremmen er både letvægtig og holdbar. En god erstatningsrem eller bare som en ekstra at have liggende, så har du lidt forskeligt at vælge imellem."
"Textile / Nylon";"En urrem til smartwatches der er lavet i et åndbart og svedresistent materiale, der også er utroligt behageligt at have på. En perfekt rem til løbeturen. "
"Textile / Nylon";"Personliggør dit smartwatch med denne urrem, lavet af elastisk nylon, der er åndbart og meget rar at have på. Du kan også vaske remmen."
