kw;cta;meta_desc
Urremme;Stort Udvalg;Kæmpe Udvalg af [DEVICE] Urremme. Køb for 199,- og vi betaler Fragten. Hurtigt Service. Danmarks Største Udvalg af Remme.
Remme;Bedste Udvalg;Alle slags [DEVICE] Urremme. Danmarks Største Udvalg. Gratis Levering ved køb over 199,-
;Kæmpe Udvalg;Velkommen til et hav af [DEVICE] Urremme. Bestil inden kl. 15 og vi sender samme dag. Fri Fragt ved køb over 199,-
;Giga Udvalg;Ny [DEVICE] rem? Så er dette stedet for dig! Vi har det største udvalg i Danmark. Hurtig Levering.
;Mega Udvalg af remme til [DEVICE];Uremme til [DEVICE] hos Danmarks Største Udvalg. Bestil inden. Kl 15 og vi sender i Dag. Køb for mere end 199,- og du får Gratis Fragt.
;Største Udvalg i Danmark;Stort Sortiment af [DEVICE] Urremme. Hurtig Levering. Bedste udvalg og høj service. Find din nye rem i dag.
;Danmarks Største Udvalg af remme til [DEVICE];Stort udvalg af remme til [DEVICE]. Danmarks Største udvalg af Smartwatch urremme. Vi sender inden kl. 15 i dag.
;Fri Fragt over 199,-;Lækre remme til [DEVICE]. Kæmpe Udvalg. Hurtig Levering og FRI Fragt over 199kr.
;Gratis Fragt over 199,-;Mangler du en ny [DEVICE] urrem? Her finder du et stort udvalg af alle slags remme. GRATIS fragt ved køb over 199,-
;Fri Levering over 199,-;Er det på tide at udskifte din [DEVICE] rem? Her kan du købe en nye til få penge. Vi sender inden kl. 15
;Gratis Levering over 199,-;Uremme der passer perfekt til [DEVICE]. Vores lager er fyldt med flotte remme til ganske få kroner. Køber du for mere end 199kroner, betaler vi fragten.
;Bedste Udvalg i Danmark;
;Bedste Udvalg Remme til [DEVICE];
;Bedste Udvalg Urremme til [DEVICE];
;Hurtig & Fri Fragt over 199,-;
;Hurtig & Gratis Fragt over 199,-;
;Hurtig & Fri Levering over 199,-;
;Hurtig & Gratis Levering over 199,-;
;Gigantisk Udvalg;
;Enormt Udvalg;
;Gigantisk Udvalg af Remme til [DEVICE];
;Enormt Udvalg af Urremme til [DEVICE];
;Kæmpestort Udvalg;
;Mægtigt Udvalg;
;Kæmpestort Udvalg af Remme til [DEVICE];
;Mægtigt Udvalg af Urremme til [DEVICE];
;Mægtigt Sortiment;
;Stort Sortiment af Urremme til [DEVICE];
;Bedste Sortiment af Urremme til [DEVICE];
;Mægtigt Sortiment af Urremme til [DEVICE];
;Stort Sortiment af Remme til [DEVICE];
;Bedste Sortiment af Remme til [DEVICE];
;Mægtigt Sortiment af Remme til [DEVICE];
;Stort Vareudvalg - Fri Fragt over 199,-;
;Stort Udvalg - Fri Fragt over 199,-;
;Bedste Udvalg - Fri Fragt over 199,-;
;Kæmpe Udvalg - Fri Fragt over 199,-;
;Giga Udvalg - Fri Fragt over 199,-;
;Remme & Tilbehør - Fri Fragt over 199,-;
;Urremme & Tilbehør - Fri Levering over 199,-;
;Køb ny rem til [DEVICE] Her;
;Find en ny rem til [DEVICE] Her;
;Køb ny Urrem til [DEVICE] Her;
;Find en ny Urrem til [DEVICE] Her;
;Køb en Erstatningsrem til [DEVICE] Her;
;Lækre Urremme til [DEVICE];
