material_text;dk
Silicone / TPU;Lavet i silikone.
Silicone / TPU;Coveret er lavet af blødt TPU materiale.
Silicone / TPU;Beskyt dit ur med et silikone [DEVICE] cover.
Silicone / TPU;Hele urkassen er dækket med dette silikone cover.
Silicone / TPU;Stødabsorberende TPU cover til [DEVICE].
Silicone / TPU;Stødabsorberende [DEVICE] cover i silikone.
Silicone / TPU;Beskyt din [DEVICE] med et silikone cover.
Silicone / TPU;Lavet af kvalitets TPU materiale. Blødt og holdbart.
Plastic;Cover til [DEVICE] lavet af plastik.
Plastic;Plastik [DEVICE] cover.
Plastic;Lavet af hård plastik.
Plastic;Lavet af kvalitets plastmateriale. Hårdt og holdbart.
Plastic;Lavet af plastik. Let og holdbart.
